kpoint,energy,Time (min)
1,-411.2117252,3
2,-411.2369777,5.5
3,-411.2376089,8.5
4,-416.0963863,13.8
